
[
    {
        "id": "vodLfNVba40",
        "created_at": "2019-04-25T17:45:43-04:00",
        "updated_at": "2019-05-02T12:35:03-04:00",
        "width": 2913,
        "height": 4369,
        "color": "#2F1D1E",
        "description": null,
        "alt_description": "woman in brown and white floral long-sleeved shirt",
        "urls": {
            "raw": "https://images.unsplash.com/photo-1556228720-950d08a2a516?ixlib=rb-1.2.1&ixid=eyJhcHBfaWQiOjI1MzQyfQ",
            "full": "https://images.unsplash.com/photo-1556228720-950d08a2a516?ixlib=rb-1.2.1&q=85&fm=jpg&crop=entropy&cs=srgb&ixid=eyJhcHBfaWQiOjI1MzQyfQ",
            "regular": "https://images.unsplash.com/photo-1556228720-950d08a2a516?ixlib=rb-1.2.1&q=80&fm=jpg&crop=entropy&cs=tinysrgb&w=1080&fit=max&ixid=eyJhcHBfaWQiOjI1MzQyfQ",
            "small": "https://images.unsplash.com/photo-1556228720-950d08a2a516?ixlib=rb-1.2.1&q=80&fm=jpg&crop=entropy&cs=tinysrgb&w=400&fit=max&ixid=eyJhcHBfaWQiOjI1MzQyfQ",
            "thumb": "https://images.unsplash.com/photo-1556228720-950d08a2a516?ixlib=rb-1.2.1&q=80&fm=jpg&crop=entropy&cs=tinysrgb&w=200&fit=max&ixid=eyJhcHBfaWQiOjI1MzQyfQ"
        },
        "links": {
            "self": "https://api.unsplash.com/photos/vodLfNVba40",
            "html": "https://unsplash.com/photos/vodLfNVba40",
            "download": "https://unsplash.com/photos/vodLfNVba40/download",
            "download_location": "https://api.unsplash.com/photos/vodLfNVba40/download"
        },
        "categories": [ ],
        "sponsored": true,
        "sponsored_by": {
            "id": "4Tybf8J97us",
            "updated_at": "2019-05-02T07:24:22-04:00",
            "username": "curology",
            "name": "Curology",
            "first_name": "Curology",
            "last_name": "",
            "twitter_username": "CurologyUSA",
            "portfolio_url": "https://curology.com/",
            "bio": "Customized skincare for your skin’s unique needs.\r\nNow available in a set with cleanser & moisturizer!\r\nStart your free trial 👆",
            "location": null,
            "links": {
                "self": "https://api.unsplash.com/users/curology",
                "html": "https://unsplash.com/@curology",
                "photos": "https://api.unsplash.com/users/curology/photos",
                "likes": "https://api.unsplash.com/users/curology/likes",
                "portfolio": "https://api.unsplash.com/users/curology/portfolio",
                "following": "https://api.unsplash.com/users/curology/following",
                "followers": "https://api.unsplash.com/users/curology/followers"
            },
            "profile_image": {
                "small": "https://images.unsplash.com/profile-1556226985212-20efc8745bf6?ixlib=rb-1.2.1&q=80&fm=jpg&crop=faces&cs=tinysrgb&fit=crop&h=32&w=32",
                "medium": "https://images.unsplash.com/profile-1556226985212-20efc8745bf6?ixlib=rb-1.2.1&q=80&fm=jpg&crop=faces&cs=tinysrgb&fit=crop&h=64&w=64",
                "large": "https://images.unsplash.com/profile-1556226985212-20efc8745bf6?ixlib=rb-1.2.1&q=80&fm=jpg&crop=faces&cs=tinysrgb&fit=crop&h=128&w=128"
            },
            "instagram_username": "curology",
            "total_collections": 0,
            "total_likes": 0,
            "total_photos": 0,
            "accepted_tos": true
        },
        "sponsored_impressions_id": "4893022",
        "likes": 4,
        "liked_by_user": false,
        "current_user_collections": [ ],
        "user": {
            "id": "4Tybf8J97us",
            "updated_at": "2019-05-02T07:24:22-04:00",
            "username": "curology",
            "name": "Curology",
            "first_name": "Curology",
            "last_name": "",
            "twitter_username": "CurologyUSA",
            "portfolio_url": "https://curology.com/",
            "bio": "Customized skincare for your skin’s unique needs.\r\nNow available in a set with cleanser & moisturizer!\r\nStart your free trial 👆",
            "location": null,
            "links": {
                "self": "https://api.unsplash.com/users/curology",
                "html": "https://unsplash.com/@curology",
                "photos": "https://api.unsplash.com/users/curology/photos",
                "likes": "https://api.unsplash.com/users/curology/likes",
                "portfolio": "https://api.unsplash.com/users/curology/portfolio",
                "following": "https://api.unsplash.com/users/curology/following",
                "followers": "https://api.unsplash.com/users/curology/followers"
            },
            "profile_image": {
                "small": "https://images.unsplash.com/profile-1556226985212-20efc8745bf6?ixlib=rb-1.2.1&q=80&fm=jpg&crop=faces&cs=tinysrgb&fit=crop&h=32&w=32",
                "medium": "https://images.unsplash.com/profile-1556226985212-20efc8745bf6?ixlib=rb-1.2.1&q=80&fm=jpg&crop=faces&cs=tinysrgb&fit=crop&h=64&w=64",
                "large": "https://images.unsplash.com/profile-1556226985212-20efc8745bf6?ixlib=rb-1.2.1&q=80&fm=jpg&crop=faces&cs=tinysrgb&fit=crop&h=128&w=128"
            },
            "instagram_username": "curology",
            "total_collections": 0,
            "total_likes": 0,
            "total_photos": 71,
            "accepted_tos": true
        },
        "sponsorship": {
            "impressions_id": "4893022",
            "tagline": "Try custom skincare for free",
            "sponsor": {
                "id": "4Tybf8J97us",
                "updated_at": "2019-05-02T07:24:22-04:00",
                "username": "curology",
                "name": "Curology",
                "first_name": "Curology",
                "last_name": "",
                "twitter_username": "CurologyUSA",
                "portfolio_url": "https://curology.com/",
                "bio": "Customized skincare for your skin’s unique needs.\r\nNow available in a set with cleanser & moisturizer!\r\nStart your free trial 👆",
                "location": null,
                "links": {
                    "self": "https://api.unsplash.com/users/curology",
                    "html": "https://unsplash.com/@curology",
                    "photos": "https://api.unsplash.com/users/curology/photos",
                    "likes": "https://api.unsplash.com/users/curology/likes",
                    "portfolio": "https://api.unsplash.com/users/curology/portfolio",
                    "following": "https://api.unsplash.com/users/curology/following",
                    "followers": "https://api.unsplash.com/users/curology/followers"
                },
                "profile_image": {
                    "small": "https://images.unsplash.com/profile-1556226985212-20efc8745bf6?ixlib=rb-1.2.1&q=80&fm=jpg&crop=faces&cs=tinysrgb&fit=crop&h=32&w=32",
                    "medium": "https://images.unsplash.com/profile-1556226985212-20efc8745bf6?ixlib=rb-1.2.1&q=80&fm=jpg&crop=faces&cs=tinysrgb&fit=crop&h=64&w=64",
                    "large": "https://images.unsplash.com/profile-1556226985212-20efc8745bf6?ixlib=rb-1.2.1&q=80&fm=jpg&crop=faces&cs=tinysrgb&fit=crop&h=128&w=128"
                },
                "instagram_username": "curology",
                "total_collections": 0,
                "total_likes": 0,
                "total_photos": 0,
                "accepted_tos": true
            }
        }
    },
    {
        "id": "HWjlYQar7Xw",
        "created_at": "2019-05-02T11:01:33-04:00",
        "updated_at": "2019-05-02T12:44:52-04:00",
        "width": 3643,
        "height": 5468,
        "color": "#1E1E1D",
        "description": "A pinky wallpaper never goes wrong ... :-)",
        "alt_description": null,
        "urls": {
            "raw": "https://images.unsplash.com/photo-1556809263-9e2728b917b3?ixlib=rb-1.2.1&ixid=eyJhcHBfaWQiOjI1MzQyfQ",
            "full": "https://images.unsplash.com/photo-1556809263-9e2728b917b3?ixlib=rb-1.2.1&q=85&fm=jpg&crop=entropy&cs=srgb&ixid=eyJhcHBfaWQiOjI1MzQyfQ",
            "regular": "https://images.unsplash.com/photo-1556809263-9e2728b917b3?ixlib=rb-1.2.1&q=80&fm=jpg&crop=entropy&cs=tinysrgb&w=1080&fit=max&ixid=eyJhcHBfaWQiOjI1MzQyfQ",
            "small": "https://images.unsplash.com/photo-1556809263-9e2728b917b3?ixlib=rb-1.2.1&q=80&fm=jpg&crop=entropy&cs=tinysrgb&w=400&fit=max&ixid=eyJhcHBfaWQiOjI1MzQyfQ",
            "thumb": "https://images.unsplash.com/photo-1556809263-9e2728b917b3?ixlib=rb-1.2.1&q=80&fm=jpg&crop=entropy&cs=tinysrgb&w=200&fit=max&ixid=eyJhcHBfaWQiOjI1MzQyfQ"
        },
        "links": {
            "self": "https://api.unsplash.com/photos/HWjlYQar7Xw",
            "html": "https://unsplash.com/photos/HWjlYQar7Xw",
            "download": "https://unsplash.com/photos/HWjlYQar7Xw/download",
            "download_location": "https://api.unsplash.com/photos/HWjlYQar7Xw/download"
        },
        "categories": [ ],
        "sponsored": false,
        "sponsored_by": null,
        "sponsored_impressions_id": null,
        "likes": 9,
        "liked_by_user": false,
        "current_user_collections": [ ],
        "user": {
            "id": "XZDJrfKzdWY",
            "updated_at": "2019-05-02T12:17:24-04:00",
            "username": "eberhardgross",
            "name": "eberhard grossgasteiger",
            "first_name": "eberhard",
            "last_name": "grossgasteiger",
            "twitter_username": "eberhardgross",
            "portfolio_url": "http://instagram.com/eberhard_grossgasteiger",
            "bio": "++++ Simplicity is the ultimate sophistication, nothing is more challenging! ++++                                     \r\n\r\nhttps://instagram.com/eberhard_grossgasteiger\r\n\r\n\r\n\r\n",
            "location": "Ahrntal, South Tyrol, Italy",
            "links": {
                "self": "https://api.unsplash.com/users/eberhardgross",
                "html": "https://unsplash.com/@eberhardgross",
                "photos": "https://api.unsplash.com/users/eberhardgross/photos",
                "likes": "https://api.unsplash.com/users/eberhardgross/likes",
                "portfolio": "https://api.unsplash.com/users/eberhardgross/portfolio",
                "following": "https://api.unsplash.com/users/eberhardgross/following",
                "followers": "https://api.unsplash.com/users/eberhardgross/followers"
            },
            "profile_image": {
                "small": "https://images.unsplash.com/profile-1536052438125-133137ad2359?ixlib=rb-1.2.1&q=80&fm=jpg&crop=faces&cs=tinysrgb&fit=crop&h=32&w=32",
                "medium": "https://images.unsplash.com/profile-1536052438125-133137ad2359?ixlib=rb-1.2.1&q=80&fm=jpg&crop=faces&cs=tinysrgb&fit=crop&h=64&w=64",
                "large": "https://images.unsplash.com/profile-1536052438125-133137ad2359?ixlib=rb-1.2.1&q=80&fm=jpg&crop=faces&cs=tinysrgb&fit=crop&h=128&w=128"
            },
            "instagram_username": "eberhard_grossgasteiger",
            "total_collections": 4,
            "total_likes": 2567,
            "total_photos": 867,
            "accepted_tos": true
        }
    },
    {
        "id": "Z6xw00fvAy4",
        "created_at": "2019-03-25T12:33:25-04:00",
        "updated_at": "2019-05-02T12:13:54-04:00",
        "width": 2384,
        "height": 4240,
        "color": "#211F1D",
        "description": null,
        "alt_description": "Two women working out and drinking Boxed Water",
        "urls": {
            "raw": "https://images.unsplash.com/photo-1553531580-a000ac8df244?ixlib=rb-1.2.1&ixid=eyJhcHBfaWQiOjI1MzQyfQ",
            "full": "https://images.unsplash.com/photo-1553531580-a000ac8df244?ixlib=rb-1.2.1&q=85&fm=jpg&crop=entropy&cs=srgb&ixid=eyJhcHBfaWQiOjI1MzQyfQ",
            "regular": "https://images.unsplash.com/photo-1553531580-a000ac8df244?ixlib=rb-1.2.1&q=80&fm=jpg&crop=entropy&cs=tinysrgb&w=1080&fit=max&ixid=eyJhcHBfaWQiOjI1MzQyfQ",
            "small": "https://images.unsplash.com/photo-1553531580-a000ac8df244?ixlib=rb-1.2.1&q=80&fm=jpg&crop=entropy&cs=tinysrgb&w=400&fit=max&ixid=eyJhcHBfaWQiOjI1MzQyfQ",
            "thumb": "https://images.unsplash.com/photo-1553531580-a000ac8df244?ixlib=rb-1.2.1&q=80&fm=jpg&crop=entropy&cs=tinysrgb&w=200&fit=max&ixid=eyJhcHBfaWQiOjI1MzQyfQ"
        },
        "links": {
            "self": "https://api.unsplash.com/photos/Z6xw00fvAy4",
            "html": "https://unsplash.com/photos/Z6xw00fvAy4",
            "download": "https://unsplash.com/photos/Z6xw00fvAy4/download",
            "download_location": "https://api.unsplash.com/photos/Z6xw00fvAy4/download"
        },
        "categories": [ ],
        "sponsored": true,
        "sponsored_by": {
            "id": "8Ae1yJe8OoA",
            "updated_at": "2019-05-02T12:41:08-04:00",
            "username": "boxedwater",
            "name": "Boxed Water Is Better",
            "first_name": "Boxed Water Is Better",
            "last_name": "",
            "twitter_username": "boxedwater",
            "portfolio_url": "https://boxedwaterisbetter.com/",
            "bio": "👋 We're a sustainable alternative to plastic water bottles.",
            "location": "Grand Rapids, MI",
            "links": {
                "self": "https://api.unsplash.com/users/boxedwater",
                "html": "https://unsplash.com/@boxedwater",
                "photos": "https://api.unsplash.com/users/boxedwater/photos",
                "likes": "https://api.unsplash.com/users/boxedwater/likes",
                "portfolio": "https://api.unsplash.com/users/boxedwater/portfolio",
                "following": "https://api.unsplash.com/users/boxedwater/following",
                "followers": "https://api.unsplash.com/users/boxedwater/followers"
            },
            "profile_image": {
                "small": "https://images.unsplash.com/profile-1553620527727-3d787a876895?ixlib=rb-1.2.1&q=80&fm=jpg&crop=faces&cs=tinysrgb&fit=crop&h=32&w=32",
                "medium": "https://images.unsplash.com/profile-1553620527727-3d787a876895?ixlib=rb-1.2.1&q=80&fm=jpg&crop=faces&cs=tinysrgb&fit=crop&h=64&w=64",
                "large": "https://images.unsplash.com/profile-1553620527727-3d787a876895?ixlib=rb-1.2.1&q=80&fm=jpg&crop=faces&cs=tinysrgb&fit=crop&h=128&w=128"
            },
            "instagram_username": "boxedwater",
            "total_collections": 0,
            "total_likes": 0,
            "total_photos": 0,
            "accepted_tos": true
        },
        "sponsored_impressions_id": "4636691",
        "likes": 12,
        "liked_by_user": false,
        "current_user_collections": [ ],
        "user": {
            "id": "8Ae1yJe8OoA",
            "updated_at": "2019-05-02T12:41:08-04:00",
            "username": "boxedwater",
            "name": "Boxed Water Is Better",
            "first_name": "Boxed Water Is Better",
            "last_name": "",
            "twitter_username": "boxedwater",
            "portfolio_url": "https://boxedwaterisbetter.com/",
            "bio": "👋 We're a sustainable alternative to plastic water bottles.",
            "location": "Grand Rapids, MI",
            "links": {
                "self": "https://api.unsplash.com/users/boxedwater",
                "html": "https://unsplash.com/@boxedwater",
                "photos": "https://api.unsplash.com/users/boxedwater/photos",
                "likes": "https://api.unsplash.com/users/boxedwater/likes",
                "portfolio": "https://api.unsplash.com/users/boxedwater/portfolio",
                "following": "https://api.unsplash.com/users/boxedwater/following",
                "followers": "https://api.unsplash.com/users/boxedwater/followers"
            },
            "profile_image": {
                "small": "https://images.unsplash.com/profile-1553620527727-3d787a876895?ixlib=rb-1.2.1&q=80&fm=jpg&crop=faces&cs=tinysrgb&fit=crop&h=32&w=32",
                "medium": "https://images.unsplash.com/profile-1553620527727-3d787a876895?ixlib=rb-1.2.1&q=80&fm=jpg&crop=faces&cs=tinysrgb&fit=crop&h=64&w=64",
                "large": "https://images.unsplash.com/profile-1553620527727-3d787a876895?ixlib=rb-1.2.1&q=80&fm=jpg&crop=faces&cs=tinysrgb&fit=crop&h=128&w=128"
            },
            "instagram_username": "boxedwater",
            "total_collections": 0,
            "total_likes": 3,
            "total_photos": 56,
            "accepted_tos": true
        },
        "sponsorship": {
            "impressions_id": "4636691",
            "tagline": "Pure. Convenient. Sustainable.",
            "sponsor": {
                "id": "8Ae1yJe8OoA",
                "updated_at": "2019-05-02T12:41:08-04:00",
                "username": "boxedwater",
                "name": "Boxed Water Is Better",
                "first_name": "Boxed Water Is Better",
                "last_name": "",
                "twitter_username": "boxedwater",
                "portfolio_url": "https://boxedwaterisbetter.com/",
                "bio": "👋 We're a sustainable alternative to plastic water bottles.",
                "location": "Grand Rapids, MI",
                "links": {
                    "self": "https://api.unsplash.com/users/boxedwater",
                    "html": "https://unsplash.com/@boxedwater",
                    "photos": "https://api.unsplash.com/users/boxedwater/photos",
                    "likes": "https://api.unsplash.com/users/boxedwater/likes",
                    "portfolio": "https://api.unsplash.com/users/boxedwater/portfolio",
                    "following": "https://api.unsplash.com/users/boxedwater/following",
                    "followers": "https://api.unsplash.com/users/boxedwater/followers"
                },
                "profile_image": {
                    "small": "https://images.unsplash.com/profile-1553620527727-3d787a876895?ixlib=rb-1.2.1&q=80&fm=jpg&crop=faces&cs=tinysrgb&fit=crop&h=32&w=32",
                    "medium": "https://images.unsplash.com/profile-1553620527727-3d787a876895?ixlib=rb-1.2.1&q=80&fm=jpg&crop=faces&cs=tinysrgb&fit=crop&h=64&w=64",
                    "large": "https://images.unsplash.com/profile-1553620527727-3d787a876895?ixlib=rb-1.2.1&q=80&fm=jpg&crop=faces&cs=tinysrgb&fit=crop&h=128&w=128"
                },
                "instagram_username": "boxedwater",
                "total_collections": 0,
                "total_likes": 0,
                "total_photos": 0,
                "accepted_tos": true
            }
        }
    },
    {
        "id": "Bj_MIJ3vpT4",
        "created_at": "2019-04-30T20:13:06-04:00",
        "updated_at": "2019-05-02T12:44:52-04:00",
        "width": 7952,
        "height": 5304,
        "color": "#FEFAF5",
        "description": null,
        "alt_description": null,
        "urls": {
            "raw": "https://images.unsplash.com/flagged/photo-1556669546-b1f29875df1c?ixlib=rb-1.2.1&ixid=eyJhcHBfaWQiOjI1MzQyfQ",
            "full": "https://images.unsplash.com/flagged/photo-1556669546-b1f29875df1c?ixlib=rb-1.2.1&q=85&fm=jpg&crop=entropy&cs=srgb&ixid=eyJhcHBfaWQiOjI1MzQyfQ",
            "regular": "https://images.unsplash.com/flagged/photo-1556669546-b1f29875df1c?ixlib=rb-1.2.1&q=80&fm=jpg&crop=entropy&cs=tinysrgb&w=1080&fit=max&ixid=eyJhcHBfaWQiOjI1MzQyfQ",
            "small": "https://images.unsplash.com/flagged/photo-1556669546-b1f29875df1c?ixlib=rb-1.2.1&q=80&fm=jpg&crop=entropy&cs=tinysrgb&w=400&fit=max&ixid=eyJhcHBfaWQiOjI1MzQyfQ",
            "thumb": "https://images.unsplash.com/flagged/photo-1556669546-b1f29875df1c?ixlib=rb-1.2.1&q=80&fm=jpg&crop=entropy&cs=tinysrgb&w=200&fit=max&ixid=eyJhcHBfaWQiOjI1MzQyfQ"
        },
        "links": {
            "self": "https://api.unsplash.com/photos/Bj_MIJ3vpT4",
            "html": "https://unsplash.com/photos/Bj_MIJ3vpT4",
            "download": "https://unsplash.com/photos/Bj_MIJ3vpT4/download",
            "download_location": "https://api.unsplash.com/photos/Bj_MIJ3vpT4/download"
        },
        "categories": [ ],
        "sponsored": false,
        "sponsored_by": null,
        "sponsored_impressions_id": null,
        "likes": 10,
        "liked_by_user": false,
        "current_user_collections": [ ],
        "user": {
            "id": "UxQqf2DLj3Q",
            "updated_at": "2019-05-02T12:12:53-04:00",
            "username": "chiditty",
            "name": "Chi Liu",
            "first_name": "Chi",
            "last_name": "Liu",
            "twitter_username": null,
            "portfolio_url": "https://chiditty.myportfolio.com/",
            "bio": "Expressing my travels through my photos.  \r\n\r\nPlease follow me on Instagram:  @ChiDitty",
            "location": "Philadelphia, PA",
            "links": {
                "self": "https://api.unsplash.com/users/chiditty",
                "html": "https://unsplash.com/@chiditty",
                "photos": "https://api.unsplash.com/users/chiditty/photos",
                "likes": "https://api.unsplash.com/users/chiditty/likes",
                "portfolio": "https://api.unsplash.com/users/chiditty/portfolio",
                "following": "https://api.unsplash.com/users/chiditty/following",
                "followers": "https://api.unsplash.com/users/chiditty/followers"
            },
            "profile_image": {
                "small": "https://images.unsplash.com/profile-fb-1556649669-1feed017fd75.jpg?ixlib=rb-1.2.1&q=80&fm=jpg&crop=faces&cs=tinysrgb&fit=crop&h=32&w=32",
                "medium": "https://images.unsplash.com/profile-fb-1556649669-1feed017fd75.jpg?ixlib=rb-1.2.1&q=80&fm=jpg&crop=faces&cs=tinysrgb&fit=crop&h=64&w=64",
                "large": "https://images.unsplash.com/profile-fb-1556649669-1feed017fd75.jpg?ixlib=rb-1.2.1&q=80&fm=jpg&crop=faces&cs=tinysrgb&fit=crop&h=128&w=128"
            },
            "instagram_username": "chiditty",
            "total_collections": 1,
            "total_likes": 6,
            "total_photos": 1,
            "accepted_tos": true
        }
    },
    {
        "id": "SC3toQnRScA",
        "created_at": "2019-05-02T08:09:18-04:00",
        "updated_at": "2019-05-02T12:14:45-04:00",
        "width": 3000,
        "height": 3000,
        "color": "#FFCE1A",
        "description": "Noodle Roller",
        "alt_description": null,
        "urls": {
            "raw": "https://images.unsplash.com/photo-1556798939-60ea9f2e08f2?ixlib=rb-1.2.1&ixid=eyJhcHBfaWQiOjI1MzQyfQ",
            "full": "https://images.unsplash.com/photo-1556798939-60ea9f2e08f2?ixlib=rb-1.2.1&q=85&fm=jpg&crop=entropy&cs=srgb&ixid=eyJhcHBfaWQiOjI1MzQyfQ",
            "regular": "https://images.unsplash.com/photo-1556798939-60ea9f2e08f2?ixlib=rb-1.2.1&q=80&fm=jpg&crop=entropy&cs=tinysrgb&w=1080&fit=max&ixid=eyJhcHBfaWQiOjI1MzQyfQ",
            "small": "https://images.unsplash.com/photo-1556798939-60ea9f2e08f2?ixlib=rb-1.2.1&q=80&fm=jpg&crop=entropy&cs=tinysrgb&w=400&fit=max&ixid=eyJhcHBfaWQiOjI1MzQyfQ",
            "thumb": "https://images.unsplash.com/photo-1556798939-60ea9f2e08f2?ixlib=rb-1.2.1&q=80&fm=jpg&crop=entropy&cs=tinysrgb&w=200&fit=max&ixid=eyJhcHBfaWQiOjI1MzQyfQ"
        },
        "links": {
            "self": "https://api.unsplash.com/photos/SC3toQnRScA",
            "html": "https://unsplash.com/photos/SC3toQnRScA",
            "download": "https://unsplash.com/photos/SC3toQnRScA/download",
            "download_location": "https://api.unsplash.com/photos/SC3toQnRScA/download"
        },
        "categories": [ ],
        "sponsored": false,
        "sponsored_by": null,
        "sponsored_impressions_id": null,
        "likes": 23,
        "liked_by_user": false,
        "current_user_collections": [ ],
        "user": {
            "id": "gQKonUo6m_o",
            "updated_at": "2019-05-02T11:05:17-04:00",
            "username": "carlosbryn",
            "name": "Carlos Bryan",
            "first_name": "Carlos",
            "last_name": "Bryan",
            "twitter_username": "carlosbryn_",
            "portfolio_url": "http://medium.com/@carlosbryn_",
            "bio": "kotaksurat.ian@gmail.com",
            "location": "Jakarta",
            "links": {
                "self": "https://api.unsplash.com/users/carlosbryn",
                "html": "https://unsplash.com/@carlosbryn",
                "photos": "https://api.unsplash.com/users/carlosbryn/photos",
                "likes": "https://api.unsplash.com/users/carlosbryn/likes",
                "portfolio": "https://api.unsplash.com/users/carlosbryn/portfolio",
                "following": "https://api.unsplash.com/users/carlosbryn/following",
                "followers": "https://api.unsplash.com/users/carlosbryn/followers"
            },
            "profile_image": {
                "small": "https://images.unsplash.com/profile-1552304197496-fd77a443c572?ixlib=rb-1.2.1&q=80&fm=jpg&crop=faces&cs=tinysrgb&fit=crop&h=32&w=32",
                "medium": "https://images.unsplash.com/profile-1552304197496-fd77a443c572?ixlib=rb-1.2.1&q=80&fm=jpg&crop=faces&cs=tinysrgb&fit=crop&h=64&w=64",
                "large": "https://images.unsplash.com/profile-1552304197496-fd77a443c572?ixlib=rb-1.2.1&q=80&fm=jpg&crop=faces&cs=tinysrgb&fit=crop&h=128&w=128"
            },
            "instagram_username": "carlosbryn",
            "total_collections": 0,
            "total_likes": 3,
            "total_photos": 4,
            "accepted_tos": true
        }
    },
    {
        "id": "LSLpY48-4io",
        "created_at": "2019-05-02T01:18:58-04:00",
        "updated_at": "2019-05-02T12:01:06-04:00",
        "width": 4743,
        "height": 3162,
        "color": "#D7995F",
        "description": "Every girl dreams of her wedding dress. ",
        "alt_description": null,
        "urls": {
            "raw": "https://images.unsplash.com/photo-1556774331-422ff2c7291a?ixlib=rb-1.2.1&ixid=eyJhcHBfaWQiOjI1MzQyfQ",
            "full": "https://images.unsplash.com/photo-1556774331-422ff2c7291a?ixlib=rb-1.2.1&q=85&fm=jpg&crop=entropy&cs=srgb&ixid=eyJhcHBfaWQiOjI1MzQyfQ",
            "regular": "https://images.unsplash.com/photo-1556774331-422ff2c7291a?ixlib=rb-1.2.1&q=80&fm=jpg&crop=entropy&cs=tinysrgb&w=1080&fit=max&ixid=eyJhcHBfaWQiOjI1MzQyfQ",
            "small": "https://images.unsplash.com/photo-1556774331-422ff2c7291a?ixlib=rb-1.2.1&q=80&fm=jpg&crop=entropy&cs=tinysrgb&w=400&fit=max&ixid=eyJhcHBfaWQiOjI1MzQyfQ",
            "thumb": "https://images.unsplash.com/photo-1556774331-422ff2c7291a?ixlib=rb-1.2.1&q=80&fm=jpg&crop=entropy&cs=tinysrgb&w=200&fit=max&ixid=eyJhcHBfaWQiOjI1MzQyfQ"
        },
        "links": {
            "self": "https://api.unsplash.com/photos/LSLpY48-4io",
            "html": "https://unsplash.com/photos/LSLpY48-4io",
            "download": "https://unsplash.com/photos/LSLpY48-4io/download",
            "download_location": "https://api.unsplash.com/photos/LSLpY48-4io/download"
        },
        "categories": [ ],
        "sponsored": false,
        "sponsored_by": null,
        "sponsored_impressions_id": null,
        "likes": 24,
        "liked_by_user": false,
        "current_user_collections": [ ],
        "user": {
            "id": "rubWTfN0XwQ",
            "updated_at": "2019-05-02T12:01:16-04:00",
            "username": "jsyz_",
            "name": "Jayden Seah",
            "first_name": "Jayden",
            "last_name": "Seah",
            "twitter_username": "jsyz_",
            "portfolio_url": "https://www.facebook.com/by.jaydenseah/",
            "bio": "A photographer based in Johor Bahru, Johor.",
            "location": "Johor Bahru, Johor, Malaysia.",
            "links": {
                "self": "https://api.unsplash.com/users/jsyz_",
                "html": "https://unsplash.com/@jsyz_",
                "photos": "https://api.unsplash.com/users/jsyz_/photos",
                "likes": "https://api.unsplash.com/users/jsyz_/likes",
                "portfolio": "https://api.unsplash.com/users/jsyz_/portfolio",
                "following": "https://api.unsplash.com/users/jsyz_/following",
                "followers": "https://api.unsplash.com/users/jsyz_/followers"
            },
            "profile_image": {
                "small": "https://images.unsplash.com/profile-fb-1556773115-c477406ee833.jpg?ixlib=rb-1.2.1&q=80&fm=jpg&crop=faces&cs=tinysrgb&fit=crop&h=32&w=32",
                "medium": "https://images.unsplash.com/profile-fb-1556773115-c477406ee833.jpg?ixlib=rb-1.2.1&q=80&fm=jpg&crop=faces&cs=tinysrgb&fit=crop&h=64&w=64",
                "large": "https://images.unsplash.com/profile-fb-1556773115-c477406ee833.jpg?ixlib=rb-1.2.1&q=80&fm=jpg&crop=faces&cs=tinysrgb&fit=crop&h=128&w=128"
            },
            "instagram_username": "jsyz_",
            "total_collections": 0,
            "total_likes": 0,
            "total_photos": 5,
            "accepted_tos": true
        }
    },
    {
        "id": "h51VmJNeEVo",
        "created_at": "2019-05-02T05:12:55-04:00",
        "updated_at": "2019-05-02T12:05:22-04:00",
        "width": 6240,
        "height": 4160,
        "color": "#E5E8F1",
        "description": null,
        "alt_description": null,
        "urls": {
            "raw": "https://images.unsplash.com/photo-1556787713-c4af300bbf6c?ixlib=rb-1.2.1&ixid=eyJhcHBfaWQiOjI1MzQyfQ",
            "full": "https://images.unsplash.com/photo-1556787713-c4af300bbf6c?ixlib=rb-1.2.1&q=85&fm=jpg&crop=entropy&cs=srgb&ixid=eyJhcHBfaWQiOjI1MzQyfQ",
            "regular": "https://images.unsplash.com/photo-1556787713-c4af300bbf6c?ixlib=rb-1.2.1&q=80&fm=jpg&crop=entropy&cs=tinysrgb&w=1080&fit=max&ixid=eyJhcHBfaWQiOjI1MzQyfQ",
            "small": "https://images.unsplash.com/photo-1556787713-c4af300bbf6c?ixlib=rb-1.2.1&q=80&fm=jpg&crop=entropy&cs=tinysrgb&w=400&fit=max&ixid=eyJhcHBfaWQiOjI1MzQyfQ",
            "thumb": "https://images.unsplash.com/photo-1556787713-c4af300bbf6c?ixlib=rb-1.2.1&q=80&fm=jpg&crop=entropy&cs=tinysrgb&w=200&fit=max&ixid=eyJhcHBfaWQiOjI1MzQyfQ"
        },
        "links": {
            "self": "https://api.unsplash.com/photos/h51VmJNeEVo",
            "html": "https://unsplash.com/photos/h51VmJNeEVo",
            "download": "https://unsplash.com/photos/h51VmJNeEVo/download",
            "download_location": "https://api.unsplash.com/photos/h51VmJNeEVo/download"
        },
        "categories": [ ],
        "sponsored": false,
        "sponsored_by": null,
        "sponsored_impressions_id": null,
        "likes": 24,
        "liked_by_user": false,
        "current_user_collections": [ ],
        "user": {
            "id": "vUkxzXYdhfg",
            "updated_at": "2019-05-02T11:51:37-04:00",
            "username": "kevinmueller",
            "name": "Kevin Mueller",
            "first_name": "Kevin",
            "last_name": "Mueller",
            "twitter_username": null,
            "portfolio_url": "https://www.instagram.com/kevin.muellr/",
            "bio": "Twenty-something years old psychology student from Germany who finds his enjoyment of life in photography, sports, movies, books, music and friends.",
            "location": "Saarland, Germany",
            "links": {
                "self": "https://api.unsplash.com/users/kevinmueller",
                "html": "https://unsplash.com/@kevinmueller",
                "photos": "https://api.unsplash.com/users/kevinmueller/photos",
                "likes": "https://api.unsplash.com/users/kevinmueller/likes",
                "portfolio": "https://api.unsplash.com/users/kevinmueller/portfolio",
                "following": "https://api.unsplash.com/users/kevinmueller/following",
                "followers": "https://api.unsplash.com/users/kevinmueller/followers"
            },
            "profile_image": {
                "small": "https://images.unsplash.com/profile-1555010792257-6143bf625362?ixlib=rb-1.2.1&q=80&fm=jpg&crop=faces&cs=tinysrgb&fit=crop&h=32&w=32",
                "medium": "https://images.unsplash.com/profile-1555010792257-6143bf625362?ixlib=rb-1.2.1&q=80&fm=jpg&crop=faces&cs=tinysrgb&fit=crop&h=64&w=64",
                "large": "https://images.unsplash.com/profile-1555010792257-6143bf625362?ixlib=rb-1.2.1&q=80&fm=jpg&crop=faces&cs=tinysrgb&fit=crop&h=128&w=128"
            },
            "instagram_username": "kevin.muellr",
            "total_collections": 2,
            "total_likes": 33,
            "total_photos": 27,
            "accepted_tos": true
        }
    },
    {
        "id": "ukHy-8xl9MA",
        "created_at": "2019-05-02T05:58:50-04:00",
        "updated_at": "2019-05-02T12:44:52-04:00",
        "width": 3209,
        "height": 4813,
        "color": "#130D07",
        "description": null,
        "alt_description": null,
        "urls": {
            "raw": "https://images.unsplash.com/photo-1556790975-7e54e4cb35d3?ixlib=rb-1.2.1&ixid=eyJhcHBfaWQiOjI1MzQyfQ",
            "full": "https://images.unsplash.com/photo-1556790975-7e54e4cb35d3?ixlib=rb-1.2.1&q=85&fm=jpg&crop=entropy&cs=srgb&ixid=eyJhcHBfaWQiOjI1MzQyfQ",
            "regular": "https://images.unsplash.com/photo-1556790975-7e54e4cb35d3?ixlib=rb-1.2.1&q=80&fm=jpg&crop=entropy&cs=tinysrgb&w=1080&fit=max&ixid=eyJhcHBfaWQiOjI1MzQyfQ",
            "small": "https://images.unsplash.com/photo-1556790975-7e54e4cb35d3?ixlib=rb-1.2.1&q=80&fm=jpg&crop=entropy&cs=tinysrgb&w=400&fit=max&ixid=eyJhcHBfaWQiOjI1MzQyfQ",
            "thumb": "https://images.unsplash.com/photo-1556790975-7e54e4cb35d3?ixlib=rb-1.2.1&q=80&fm=jpg&crop=entropy&cs=tinysrgb&w=200&fit=max&ixid=eyJhcHBfaWQiOjI1MzQyfQ"
        },
        "links": {
            "self": "https://api.unsplash.com/photos/ukHy-8xl9MA",
            "html": "https://unsplash.com/photos/ukHy-8xl9MA",
            "download": "https://unsplash.com/photos/ukHy-8xl9MA/download",
            "download_location": "https://api.unsplash.com/photos/ukHy-8xl9MA/download"
        },
        "categories": [ ],
        "sponsored": false,
        "sponsored_by": null,
        "sponsored_impressions_id": null,
        "likes": 21,
        "liked_by_user": false,
        "current_user_collections": [ ],
        "user": {
            "id": "NbQuexWWRhQ",
            "updated_at": "2019-05-02T12:14:35-04:00",
            "username": "ellienelie",
            "name": "Ellieelien",
            "first_name": "Ellieelien",
            "last_name": "",
            "twitter_username": null,
            "portfolio_url": null,
            "bio": null,
            "location": null,
            "links": {
                "self": "https://api.unsplash.com/users/ellienelie",
                "html": "https://unsplash.com/@ellienelie",
                "photos": "https://api.unsplash.com/users/ellienelie/photos",
                "likes": "https://api.unsplash.com/users/ellienelie/likes",
                "portfolio": "https://api.unsplash.com/users/ellienelie/portfolio",
                "following": "https://api.unsplash.com/users/ellienelie/following",
                "followers": "https://api.unsplash.com/users/ellienelie/followers"
            },
            "profile_image": {
                "small": "https://images.unsplash.com/profile-fb-1545950294-451b14de3f7a.jpg?ixlib=rb-1.2.1&q=80&fm=jpg&crop=faces&cs=tinysrgb&fit=crop&h=32&w=32",
                "medium": "https://images.unsplash.com/profile-fb-1545950294-451b14de3f7a.jpg?ixlib=rb-1.2.1&q=80&fm=jpg&crop=faces&cs=tinysrgb&fit=crop&h=64&w=64",
                "large": "https://images.unsplash.com/profile-fb-1545950294-451b14de3f7a.jpg?ixlib=rb-1.2.1&q=80&fm=jpg&crop=faces&cs=tinysrgb&fit=crop&h=128&w=128"
            },
            "instagram_username": null,
            "total_collections": 1,
            "total_likes": 1,
            "total_photos": 18,
            "accepted_tos": true
        }
    },
    {
        "id": "9x8qcSFAr2o",
        "created_at": "2019-05-02T06:33:44-04:00",
        "updated_at": "2019-05-02T12:44:52-04:00",
        "width": 5184,
        "height": 3456,
        "color": "#DBD1CC",
        "description": null,
        "alt_description": null,
        "urls": {
            "raw": "https://images.unsplash.com/photo-1556792897-ce4720cf3232?ixlib=rb-1.2.1&ixid=eyJhcHBfaWQiOjI1MzQyfQ",
            "full": "https://images.unsplash.com/photo-1556792897-ce4720cf3232?ixlib=rb-1.2.1&q=85&fm=jpg&crop=entropy&cs=srgb&ixid=eyJhcHBfaWQiOjI1MzQyfQ",
            "regular": "https://images.unsplash.com/photo-1556792897-ce4720cf3232?ixlib=rb-1.2.1&q=80&fm=jpg&crop=entropy&cs=tinysrgb&w=1080&fit=max&ixid=eyJhcHBfaWQiOjI1MzQyfQ",
            "small": "https://images.unsplash.com/photo-1556792897-ce4720cf3232?ixlib=rb-1.2.1&q=80&fm=jpg&crop=entropy&cs=tinysrgb&w=400&fit=max&ixid=eyJhcHBfaWQiOjI1MzQyfQ",
            "thumb": "https://images.unsplash.com/photo-1556792897-ce4720cf3232?ixlib=rb-1.2.1&q=80&fm=jpg&crop=entropy&cs=tinysrgb&w=200&fit=max&ixid=eyJhcHBfaWQiOjI1MzQyfQ"
        },
        "links": {
            "self": "https://api.unsplash.com/photos/9x8qcSFAr2o",
            "html": "https://unsplash.com/photos/9x8qcSFAr2o",
            "download": "https://unsplash.com/photos/9x8qcSFAr2o/download",
            "download_location": "https://api.unsplash.com/photos/9x8qcSFAr2o/download"
        },
        "categories": [ ],
        "sponsored": false,
        "sponsored_by": null,
        "sponsored_impressions_id": null,
        "likes": 9,
        "liked_by_user": false,
        "current_user_collections": [ ],
        "user": {
            "id": "WHDTLoaHn3Q",
            "updated_at": "2019-05-02T01:57:40-04:00",
            "username": "nicolehoneywill",
            "name": "Nicole Honeywill",
            "first_name": "Nicole",
            "last_name": "Honeywill",
            "twitter_username": null,
            "portfolio_url": "https://www.sincerelymedia.com/",
            "bio": "Capturing what I see.",
            "location": "Jeffrey's Bay, South Africa",
            "links": {
                "self": "https://api.unsplash.com/users/nicolehoneywill",
                "html": "https://unsplash.com/@nicolehoneywill",
                "photos": "https://api.unsplash.com/users/nicolehoneywill/photos",
                "likes": "https://api.unsplash.com/users/nicolehoneywill/likes",
                "portfolio": "https://api.unsplash.com/users/nicolehoneywill/portfolio",
                "following": "https://api.unsplash.com/users/nicolehoneywill/following",
                "followers": "https://api.unsplash.com/users/nicolehoneywill/followers"
            },
            "profile_image": {
                "small": "https://images.unsplash.com/profile-1551948296294-788cb53671b6?ixlib=rb-1.2.1&q=80&fm=jpg&crop=faces&cs=tinysrgb&fit=crop&h=32&w=32",
                "medium": "https://images.unsplash.com/profile-1551948296294-788cb53671b6?ixlib=rb-1.2.1&q=80&fm=jpg&crop=faces&cs=tinysrgb&fit=crop&h=64&w=64",
                "large": "https://images.unsplash.com/profile-1551948296294-788cb53671b6?ixlib=rb-1.2.1&q=80&fm=jpg&crop=faces&cs=tinysrgb&fit=crop&h=128&w=128"
            },
            "instagram_username": "sincerelymedia",
            "total_collections": 29,
            "total_likes": 764,
            "total_photos": 600,
            "accepted_tos": true
        }
    },
    {
        "id": "dpUDiPryrsc",
        "created_at": "2019-04-29T15:35:25-04:00",
        "updated_at": "2019-05-02T12:14:45-04:00",
        "width": 5199,
        "height": 3471,
        "color": "#493E49",
        "description": null,
        "alt_description": null,
        "urls": {
            "raw": "https://images.unsplash.com/photo-1556566518-f185313f2bc8?ixlib=rb-1.2.1&ixid=eyJhcHBfaWQiOjI1MzQyfQ",
            "full": "https://images.unsplash.com/photo-1556566518-f185313f2bc8?ixlib=rb-1.2.1&q=85&fm=jpg&crop=entropy&cs=srgb&ixid=eyJhcHBfaWQiOjI1MzQyfQ",
            "regular": "https://images.unsplash.com/photo-1556566518-f185313f2bc8?ixlib=rb-1.2.1&q=80&fm=jpg&crop=entropy&cs=tinysrgb&w=1080&fit=max&ixid=eyJhcHBfaWQiOjI1MzQyfQ",
            "small": "https://images.unsplash.com/photo-1556566518-f185313f2bc8?ixlib=rb-1.2.1&q=80&fm=jpg&crop=entropy&cs=tinysrgb&w=400&fit=max&ixid=eyJhcHBfaWQiOjI1MzQyfQ",
            "thumb": "https://images.unsplash.com/photo-1556566518-f185313f2bc8?ixlib=rb-1.2.1&q=80&fm=jpg&crop=entropy&cs=tinysrgb&w=200&fit=max&ixid=eyJhcHBfaWQiOjI1MzQyfQ"
        },
        "links": {
            "self": "https://api.unsplash.com/photos/dpUDiPryrsc",
            "html": "https://unsplash.com/photos/dpUDiPryrsc",
            "download": "https://unsplash.com/photos/dpUDiPryrsc/download",
            "download_location": "https://api.unsplash.com/photos/dpUDiPryrsc/download"
        },
        "categories": [ ],
        "sponsored": false,
        "sponsored_by": null,
        "sponsored_impressions_id": null,
        "likes": 49,
        "liked_by_user": false,
        "current_user_collections": [ ],
        "user": {
            "id": "CpeS4Wi1vq4",
            "updated_at": "2019-05-02T11:12:33-04:00",
            "username": "the_chronicles_of_us",
            "name": "Paige Cody",
            "first_name": "Paige",
            "last_name": "Cody",
            "twitter_username": null,
            "portfolio_url": "http://www.ruckify.com",
            "bio": "Canadian lifestyle & creative photographer! Feel free to follow on instagram: @the.chronicles.of.us\r\nOr check out my business that is going to help save the planet: www.ruckify.com\r\n",
            "location": null,
            "links": {
                "self": "https://api.unsplash.com/users/the_chronicles_of_us",
                "html": "https://unsplash.com/@the_chronicles_of_us",
                "photos": "https://api.unsplash.com/users/the_chronicles_of_us/photos",
                "likes": "https://api.unsplash.com/users/the_chronicles_of_us/likes",
                "portfolio": "https://api.unsplash.com/users/the_chronicles_of_us/portfolio",
                "following": "https://api.unsplash.com/users/the_chronicles_of_us/following",
                "followers": "https://api.unsplash.com/users/the_chronicles_of_us/followers"
            },
            "profile_image": {
                "small": "https://images.unsplash.com/profile-fb-1540593151-dce501b699bd.jpg?ixlib=rb-1.2.1&q=80&fm=jpg&crop=faces&cs=tinysrgb&fit=crop&h=32&w=32",
                "medium": "https://images.unsplash.com/profile-fb-1540593151-dce501b699bd.jpg?ixlib=rb-1.2.1&q=80&fm=jpg&crop=faces&cs=tinysrgb&fit=crop&h=64&w=64",
                "large": "https://images.unsplash.com/profile-fb-1540593151-dce501b699bd.jpg?ixlib=rb-1.2.1&q=80&fm=jpg&crop=faces&cs=tinysrgb&fit=crop&h=128&w=128"
            },
            "instagram_username": "chronicles.of.us",
            "total_collections": 0,
            "total_likes": 4,
            "total_photos": 36,
            "accepted_tos": true
        }
    }
]
